model,MAE,R2
LinearRegression,2.8141049587535516,0.817142986649873
RandomForest,2.7494861805434954,0.8292337815372344
